"","X"
"1",26.23536046
"2",63.0390373
"3",0
"4",223.7127576
"5",0
"6",16.41455876
"7",0
"8",996.6792737
"9",0
"10",278.3848963
"11",62.2403016
"12",16.08174407
"13",43.89552438
"14",93.91658665
"15",0
"16",183.7841241
"17",455.1733015
"18",181.8405242
"19",12.13318668
"20",116.937806
"21",317.4213592
"22",196.3389597
"23",387.2190832
"24",32.22988563
"25",0
"26",0
"27",0
"28",32.77969885
"29",0
"30",716.6709856
"31",0
"32",34.04861694
"33",32.55292588
"34",1.035055429
"35",0
"36",0
"37",213.3928078
"38",12.5859934
"39",6.336878965
"40",29.72444516
"41",0
"42",110.1225481
"43",65.29882412
"44",0
"45",248.7860068
"46",24.02745731
"47",67.52085054
"48",0
"49",0
"50",335.0741696
"51",0
"52",3.65171213501916
"53",4.94116715981717
"54",17.0507349081455
"55",0
"56",6.51300846471409
"57",2.2719700253502
"58",5.11126910722104
"59",2.15114735695458
"60",0
"61",0
"62",4.83166963776149
"63",4.94915805757903
"64",4.91507735732664
"65",0
"66",14.6401260514173
"67",8.28496366935222
"68",11.2697616255383
"69",4.88405116917591
"70",16.0440546916255
"71",2.85902782823047
"72",5.19543535794724
"73",0
"74",5.17779594836481
"75",14.2766843757285
"76",3.39780190551299
"77",5.29943881546234
"78",0
"79",7.10663296809405
"80",4.52136207857078
"81",5.07922861544375
"82",4.40370045451875
"83",8.65615161345005
"84",5.18209330296255
"85",0
"86",0
"87",0
"88",15.8203064872761
"89",2.23436555001969
"90",0
"91",0
"92",5.40974389531113
"93",5.54981321121175
"94",0
"95",6.51078653402843
"96",0
"97",3.6898308234185
"98",0
"99",0
"100",0
"101",14.8197493792626
"102",3.0928630316298
"103",17.845068664743
"104",3.28509494612502
"105",2.70835242037622
"106",0
"107",11.5361843344981
"108",0
"109",7.66286811016212
"110",0
"111",8.78986159203385
"112",9.35034716751696
"113",6.82996680061808
"114",3.16559902870146
"115",7.72340879379222
"116",0
"117",8.21073256665612
"118",9.49185044831169
"119",11.1894175923988
"120",0
"121",14.4267352959668
"122",7.81767209353196
"123",0
"124",0
"125",0
"126",8.65877004959856
"127",0
"128",0
"129",7.18537692880813
"130",2.38165073980044
"131",8.35199732285343
"132",7.50570233239381
"133",5.97908476328812
"134",5.72984531562403
"135",10.1828773587775
"136",4.06743552473752
"137",3.20947792121562
"138",8.51748701364291
"139",3.94239435379248
"140",2.69341433925156
"141",7.47947817241566
"142",7.21199898601081
"143",3.30628506751103
"144",4.52480391286226
"145",10.3982599562162
"146",3.03491408788144
"147",3.54493246918258
"148",0
"149",1.59480410834667
"150",9.60280816542161
"151",6.51127916960702
"152",0
"153",5.12465254023293
"154",14.5672053376165
"155",8.66460638101992
"156",5.43007220727984
"157",5.90335331468413
"158",0
"159",3.24782199145391
"160",1.04708066672689
"161",3.17229451593348
"162",0
"163",0
"164",0
"165",0
"166",4.70439440348801
"167",0
"168",0
"169",0
"170",0
"171",0
"172",3.6665243028881
"173",0
"174",0
"175",1.28789026061676
"176",2.69970759411637
"177",4.98350799324745
"178",0
"179",2.69806528263916
"180",0
"181",6.0093445074918
"182",3.33155574822815
"183",6.521487421837
"184",0
"185",3.15731908449833
"186",0
"187",0
"188",3.20102310744804
"189",0
"190",8.77022026206955
"191",1.40443966622804
"192",9.62972592962057
"193",6.32987956840588
"194",0
"195",5.48724892568817
"196",0
"197",6.06506006446426
"198",5.08797370092078
"199",7.46330054234358
"200",9.53425475634782
"201",0
"202",6.69175803845451
"203",5.89755246208664
"204",8.23216139571521
"205",0
"206",0
"207",0
"208",1.93262939977829
"209",2.76348280012119
"210",0
"211",3.45593976570784
"212",0
"213",0
"214",5.76380921320921
"215",10.1512150327264
"216",13.2884283660329
"217",6.28516638364733
"218",2.73415299809814
"219",5.11974793823715
"220",6.74622704030871
"221",2.95957572720027
"222",3.02685634801882
"223",0
"224",9.21963625257804
"225",6.32678831808353
"226",0
"227",3.12348428240158
"228",0
"229",0
"230",0
"231",3.10422728278461
"232",15.127182578177
"233",5.58382137174439
"234",5.33330357317315
"235",2.73977537140041
"236",0
"237",12.2963884280623
"238",4.08452569683048
"239",3.71954056269401
"240",4.19384425930907
"241",0
"242",0
"243",6.14044812223099
"244",0
"245",5.74725477749428
"246",0
"247",0
"248",0
"249",3.98065847191841
"250",4.50028645236647
"251",0
"252",0
"253",0
"254",6.09640387230298
"255",9.94286274465354
"256",12.3626944180111
"257",4.65694430018086
"258",14.812678047822
"259",4.96047076665522
"260",6.66171410676191
"261",0
"262",4.96844811426568
"263",0
"264",8.50644738510714
"265",0
"266",12.059515906851
"267",11.4497050986537
"268",8.37232528741933
"269",0
"270",6.77055757823166
"271",3.95465745113397
"272",2.57397292853485
"273",0
"274",0
"275",4.95970552310087
"276",1.94792954783049
"277",0
"278",4.92666895935227
"279",10.952594888263
"280",1.20926319625317
"281",0
"282",3.38888319493383
"283",0
"284",3.5626913501926
"285",14.9032999205218
"286",0
"287",9.07958880294204
"288",17.7329762405644
"289",6.42833551578465
"290",3.10732047256143
"291",0
"292",10.081202206126
"293",3.83280335697635
"294",3.39915723591348
"295",0
"296",6.33168092002411
"297",4.20167042907273
"298",1.96305273468882
"299",0
"300",0
"301",2.42447299082617
"302",1.8398067151524
"303",0
"304",15.7977788564485
"305",0
"306",14.4589243872942
"307",5.15370560780184
"308",0
"309",1.94223264756777
"310",2.77928502412279
"311",6.30712368523706
"312",6.11745682642869
"313",4.54860397585587
"314",0
"315",1.16382133687106
"316",0
"317",5.52895244695235
"318",3.37523611572213
"319",12.3254773223394
"320",0
"321",3.97007432475011
"322",10.6904492782429
"323",15.4917552345836
"324",0
"325",0
"326",0
"327",0
"328",5.75023009261873
"329",3.5106132024751
"330",15.2965659991843
"331",-0.843335951021172
"332",12.0650128616071
"333",4.4189617900316
"334",5.47494475369738
"335",0
"336",14.1056095995777
"337",8.34600384610877
"338",11.1298362524715
"339",3.79505412747099
"340",3.55449407725401
"341",0
"342",0
"343",9.24206042813231
"344",0
"345",0
"346",4.95685200648231
"347",10.4746359446002
"348",6.23646737748173
"349",4.55039211267983
"350",8.42705231886277
"351",0
"352",6.68445132765122
"353",7.2694911667807
"354",6.80206194188686
"355",0
"356",0
"357",0
"358",0
"359",4.98679819484124
"360",0
"361",4.84053897317251
"362",6.72701149685514
"363",5.15709610282835
"364",0
"365",0
"366",3.43917823429578
"367",0
"368",6.90902110451869
"369",5.23800354251403
"370",7.17222701925882
"371",0
"372",0
"373",4.2818725985735
"374",5.8947716981418
"375",5.67100543204658
"376",2.38036625449812
"377",0
"378",0
"379",0
"380",0
"381",8.11353498303099
"382",1.12478480823523
"383",0
"384",11.8504620687499
"385",0
"386",0
"387",0
"388",3.57265581928305
"389",7.82459071914526
"390",7.86392299805587
"391",6.31956491863034
"392",0
"393",3.76384356344842
"394",0
"395",4.83936665503538
"396",2.97164576445781
"397",6.24306839165112
"398",11.4311209744855
"399",0
"400",4.44111662250203
"401",11.6642142660976
"402",5.42642429301221
"403",0
"404",0
"405",0
"406",6.06434411132188
"407",12.5862401582187
"408",0
"409",6.13061655692055
"410",17.6334049704621
"411",10.787088093441
"412",0
"413",6.05455195862298
"414",5.13247250398681
"415",6.00941274691979
"416",0.220873555160557
"417",0
"418",7.35715602561296
"419",10.3425230715371
"420",12.2386996359127
"421",4.79654390573846
"422",8.03178725853657
"423",5.53502617272127
"424",8.99581121707218
"425",7.57060006021008
"426",3.98642481876782
"427",0
"428",9.6169620811439
"429",13.0245687946357
"430",6.09592929221171
"431",0
"432",5.19488469439018
"433",12.4619956174912
"434",0
"435",0
"436",0
"437",1.81647038368846
"438",0
"439",0
"440",7.5592788531684
"441",2.18970936988666
"442",1.43490697570999
"443",0
"444",1.59191071305534
"445",11.3532868369984
"446",0
"447",7.17533176728165
"448",7.54061218188847
"449",8.1558545404614
"450",0
"451",4.73127204678235
"452",3.83660107278305
"453",0
"454",0
"455",0
"456",0
"457",0
"458",0
"459",5.99409766167357
"460",7.26372079333307
"461",0
"462",0
"463",4.24787108232383
"464",1.40442007580234
"465",0
"466",0
"467",2.92297493458305
"468",15.673806223585
"469",0
"470",13.9782780208809
"471",10.9106342173964
"472",0
"473",2.30487529502217
"474",2.07301904046713
"475",5.12525438974431
"476",4.51015639003802
"477",4.42398309072937
"478",6.29485196354651
"479",10.2302837383245
"480",0
"481",16.1947056603894
"482",4.60612081409233
"483",0
"484",7.10678126495531
"485",2.9261074729765
"486",18.2450803387349
"487",0
"488",7.43473599271446
"489",5.83651599093359
"490",4.19260855577859
"491",5.19967228726505
"492",4.97362568156279
"493",3.76942007466337
"494",0
"495",0
"496",6.87229758933948
"497",2.1566837552288
"498",0
"499",0
"500",1.24758046561724
"501",5.68717411311485
"502",5.33671101761566
"503",4.89478100550074
"504",2.33935465502337
"505",0
"506",0
"507",2.5677041950268
"508",5.56527308415517
"509",0
"510",5.61001030483434
"511",0
"512",9.46820695101556
"513",3.88467887478336
"514",6.14152841089237
"515",5.1203336840426
"516",5.11259016449
"517",6.56770345382368
"518",5.95367487667559
"519",5.54093099153196
"520",5.42895401811736
"521",5.31576260911078
"522",4.45531375388293
"523",0
"524",5.70554444509466
"525",7.23255151098644
"526",3.54066037766875
"527",5.50064255916894
"528",3.46236515737113
"529",6.11959806389215
"530",0
"531",0
"532",5.6279753766484
"533",0
"534",0
"535",6.81765001186895
"536",12.3924560715495
"537",0
"538",0
"539",5.41067580705529
"540",5.68819417397805
"541",0
"542",8.00185339716807
"543",9.69770876595315
"544",0
"545",0
"546",2.00936710805378
"547",3.63510967659303
"548",16.9006584467832
"549",6.76208577071284
"550",9.03406884028049
"551",3.20920713542776
"552",7.94366878644866
"553",6.95293938171553
"554",9.06375246560708
"555",9.2924043052704
"556",4.43477273072212
"557",11.5653446351165
"558",14.0283702239946
"559",2.35154416682426
"560",14.1243152958543
"561",10.3977703538829
"562",3.83866448281044
"563",5.930019049746
"564",2.22919372007507
"565",0
"566",6.06870491826722
"567",4.52137209579143
"568",0
"569",0
"570",2.17865930522343
"571",13.3396566862142
"572",2.83513201256376
"573",3.05950656764764
"574",0
"575",4.98500464065184
"576",-1.23986724914709
"577",5.20145497451622
"578",4.12739701209243
"579",12.1118015643306
"580",2.06194405574173
"581",4.3832570909553
"582",0
"583",2.03477044078812
"584",8.78267755304399
"585",7.00071714975926
"586",4.7506720810996
"587",6.5696325861526
"588",3.21591157319724
"589",15.2046766111421
"590",0
"591",8.33313050224786
"592",4.23552226741573
"593",6.02123028612404
"594",0
"595",0
"596",0
"597",11.3820642475106
"598",1.75727007492004
"599",5.9811927733347
"600",4.72877164307455
"601",14.2161020474333
"602",8.04769276033709
"603",9.57360741202747
"604",3.16046386388361
"605",0
"606",5.82478172552128
"607",9.33278440443611
"608",0
"609",6.36754082999262
"610",0
"611",2.42525155474626
"612",0
"613",7.24426712658065
"614",3.54573269499095
"615",9.67535717509674
"616",0
"617",8.33429171074022
"618",6.23908355480038
"619",0
"620",0
"621",1.02572482702495
"622",4.4097938380622
"623",3.47780653683729
"624",0
"625",6.09259783321941
"626",1.39445771586634
"627",9.91160224404967
"628",0
"629",0
"630",0
"631",11.2428980825586
"632",5.16645897647924
"633",3.46762039417645
"634",0
"635",2.80420913417141
"636",0
"637",0
"638",14.6266484175594
"639",9.31845354860281
"640",0
"641",0
"642",3.80661480499679
"643",1.91839409944606
"644",0
"645",0
"646",5.91303533604137
"647",2.33683970098594
"648",0
"649",12.2227362775549
"650",5.47002844378074
"651",0
"652",11.8941460139718
"653",5.80677104349447
"654",3.66293604356351
"655",2.9584522008296
"656",11.9746401210425
"657",4.78355675411311
"658",0
"659",9.76408087742419
"660",10.4822736346281
"661",0
"662",7.04979178989965
"663",0
"664",0
"665",8.47783685304973
"666",5.43999657942948
"667",3.59984462668718
"668",0
"669",13.1586715461011
"670",11.1309171061959
"671",4.78214139995116
"672",0
"673",4.76456976019406
"674",0
"675",8.19467372923052
"676",0
"677",3.57530562698703
"678",5.03421892324014
"679",4.33558226074556
"680",7.13009211061862
"681",0
"682",8.30853205875656
"683",0
"684",0
"685",4.88405127726375
"686",1.8712275049131
"687",7.30161239265313
"688",11.3649160278885
"689",2.97208774313602
"690",5.81884898415681
"691",4.87913688684141
"692",0
"693",7.41186400269153
"694",10.1809900253943
"695",4.74153322498045
"696",6.95094649197086
"697",4.7721521298552
"698",4.01582686711924
"699",2.96338061697816
"700",0
"701",6.77591171899054
"702",2.41223377163621
"703",1.76818546062828
"704",3.52670074774534
"705",0
"706",6.89299329480989
"707",4.29042528797068
"708",4.96636505147778
"709",0
"710",5.4177769493958
"711",3.72326630737001
"712",0
"713",3.95497018387814
"714",14.5047252355584
"715",4.28017537534369
"716",5.97945734391943
"717",5.35613178584716
"718",17.0878811756047
"719",0
"720",0
"721",5.880968592137
"722",4.97246581858706
"723",6.39130448965022
"724",16.007343893316
"725",12.9221389780474
"726",3.22668399871664
"727",1.61902059831615
"728",7.33789198017863
"729",0
"730",5.59548397106865
"731",0
"732",5.77245998041602
"733",1.57276962808511
"734",2.55378759093102
"735",1.77212892006621
"736",7.87119450066404
"737",4.72772767930593
"738",5.80857203432752
"739",7.10964273573197
"740",6.86226351383865
"741",5.27059931033898
"742",4.73104792377981
"743",7.92770858179258
"744",2.74107518516497
"745",0
"746",0.597239480631934
"747",5.18187817806016
"748",10.0747782205561
"749",0
"750",5.35738788614934
"751",0
"752",14.4385933099602
"753",3.31598170750195
"754",9.56225362830826
"755",5.38100157665592
"756",0
"757",0
"758",7.3664483595883
"759",12.7845703567746
"760",4.15974821120476
"761",8.85755683822095
"762",6.10817807549194
"763",8.70666612174109
"764",0
"765",8.52839284762137
"766",4.19768947574161
"767",5.23501227423541
"768",8.32698963334832
"769",6.76989215561738
"770",4.77226191180412
"771",5.99817676625384
"772",7.93266861394428
"773",6.82420706988389
"774",0
"775",14.7727237856397
"776",5.23962693485741
"777",4.67140204922427
"778",4.6723584157636
"779",0
"780",0
"781",0
"782",5.12083006688658
"783",3.99168330334467
"784",9.387532083473
"785",4.97045429102224
"786",6.59096875366304
"787",5.39850656499435
"788",0
"789",0
"790",0
"791",5.99695662089302
"792",2.7647487295968
"793",5.16462108935209
"794",8.03943685475688
"795",6.82807781199201
"796",10.2512028202815
"797",0
"798",0
"799",5.05668305639609
"800",7.35182933893669
"801",5.76807352571705
"802",0
"803",7.54228186813005
"804",6.11937723383878
"805",7.98195435415525
"806",11.2769145873609
"807",9.04724399884165
"808",5.55420367825259
"809",5.04006200162869
"810",4.88044429362175
"811",0
"812",11.5052370734738
"813",4.65840236099129
"814",7.25465941959326
"815",5.90636504318961
"816",3.25682245192746
"817",4.1482889110316
"818",6.34545184349315
"819",3.13832389677653
"820",8.83362632783688
"821",5.38011627995241
"822",6.44773649915308
"823",0
"824",5.52332045879758
"825",0
"826",9.88473204796686
"827",4.94621086204436
"828",6.57915942199243
"829",4.51921770722766
"830",0
"831",6.25586888866204
"832",7.29125333473917
"833",0
"834",7.28511927939584
"835",0
"836",0
"837",3.89594525047989
"838",3.93513200754438
"839",5.44718575386941
"840",3.72551484258569
"841",2.76040379458611
"842",0
"843",0
"844",0
"845",0
"846",5.70969237235393
"847",2.19213509077681
"848",0
"849",0.172587508490532
"850",2.91991193862566
"851",6.83120398906434
"852",13.1054116461745
"853",0
"854",3.40267266480203
"855",5.59401545457394
"856",0
"857",6.43605664376136
"858",14.4090652477713
"859",0
"860",5.04478856359382
"861",2.41250171130151
"862",4.85086360691877
"863",5.04562965778485
"864",4.5532849987244
"865",4.19355022462669
"866",4.91410598614597
"867",7.07311164212453
"868",3.96223217223677
"869",0
"870",16.4520391204269
"871",5.32507064369999
"872",2.82142643655319
"873",0
"874",0
"875",6.36628201041288
"876",0
"877",4.43230337543921
"878",7.91725578953073
"879",0
"880",0
"881",0
"882",9.55997523212359
"883",5.66566676736726
"884",0
"885",3.39720937320447
"886",11.5994576413663
"887",0
"888",6.17386457092682
"889",4.53805496435794
"890",0
"891",5.21151568689357
"892",0
"893",5.43034254673658
"894",5.24887943276502
"895",0
"896",0
"897",5.29533542431328
"898",9.22690542212191
"899",0
"900",0
"901",7.36986603266704
"902",0
"903",6.59556042138486
"904",3.22060973910084
"905",0.834629856695579
"906",13.5927552260471
"907",0
"908",0
"909",14.457875622347
"910",7.8027427570576
"911",5.7614584552592
"912",3.6821200113645
"913",15.6631560784417
"914",6.33605609205005
"915",16.5876945619256
"916",7.66124141599346
"917",5.27466397029899
"918",0
"919",0
"920",10.9422887366805
"921",6.16411953587058
"922",6.75331460988109
"923",2.80928662193677
"924",4.93272038113534
"925",4.86191462224995
"926",0
"927",4.17681776359017
"928",7.29241611139198
"929",5.99782780514251
"930",2.80159698000598
"931",5.23287779741082
"932",5.21549500423626
"933",10.9626810760335
"934",4.97460705463242
"935",6.12776946520415
"936",1.85689633371924
"937",0
"938",6.10611127013038
"939",7.81495795563949
"940",6.83647246783777
"941",0
"942",16.5538214335568
"943",6.49505443932665
"944",5.28263599414139
"945",0
"946",3.24758754066516
"947",13.5139772855957
"948",0
"949",7.64247308905358
"950",1.98702611605087
"951",0
"952",3.29129637212477
"953",3.97849601435759
"954",5.47790832518368
"955",4.14068593035973
"956",0
"957",8.70981154068605
"958",0
"959",4.74181535489724
"960",0
"961",0
"962",5.42412993857185
"963",4.7952159425846
"964",3.72717198220085
"965",3.16231296579435
"966",12.6656407613794
"967",16.2942706863666
"968",11.8644811230257
"969",2.71734580149396
"970",2.65294510261192
"971",0
"972",2.95212603990131
"973",5.63600539948195
"974",13.0291847145129
"975",6.2661046697826
"976",0
"977",2.76917854323888
"978",0
"979",3.47367132678959
"980",13.132125529128
"981",6.47202540497317
"982",0
"983",4.4138768704025
"984",3.34595921830794
"985",0
"986",15.1563849307719
"987",0
"988",0
"989",4.69860354188152
"990",0
"991",2.97847361230003
"992",4.0289631781038
"993",4.87229555839249
"994",7.15152154327245
"995",0
"996",0
"997",0
"998",13.9553208309419
"999",0
"1000",7.95229986207726
"1001",5.82615568556541
"1002",7.98277116455571
"1003",20.4331341320854
"1004",0
"1005",5.08622843874358
"1006",3.18185325540453
"1007",7.86070249856493
"1008",7.23064010000244
"1009",6.65693521962779
"1010",10.8404351795788
"1011",0.368391123009761
"1012",14.2259195783612
"1013",6.94606876965129
"1014",5.63798210038987
"1015",4.09433409253805
"1016",2.91381552318376
"1017",4.51136591572012
"1018",0.961958137827178
"1019",9.89791265129128
"1020",11.82223700441
"1021",6.36245081314652
"1022",12.1028461046254
"1023",3.15243658321301
"1024",2.55946893105002
"1025",0
"1026",0
"1027",5.24504889131775
"1028",7.12168926851123
"1029",0
"1030",4.91300569027256
"1031",9.40836041468998
"1032",7.58794401820946
"1033",5.59736912172215
"1034",6.12959233220721
"1035",3.94976966244882
"1036",4.931633386109
"1037",2.21657685609479
"1038",0
"1039",6.19692256202491
"1040",16.7461717909456
"1041",2.89628699661497
"1042",7.45520080863222
"1043",0
"1044",0
"1045",5.35178312835638
"1046",0
"1047",7.0835033012459
"1048",3.43673269582998
"1049",0
"1050",18.3134541137674
"1051",3.60676991144024
"1052",3.1295295640313
"1053",2.06897461879431
"1054",0
"1055",8.3552685152649
"1056",6.88555142224349
"1057",0
"1058",13.7106130001298
"1059",0
"1060",5.73613625005787
"1061",0
"1062",4.60979917608242
"1063",1.90662806452379
"1064",14.2142520347357
"1065",4.80461720634863
"1066",0
"1067",1.52593022875449
"1068",12.7382636328028
"1069",3.1111786635277
"1070",8.49287596586735
"1071",5.04934010188404
"1072",0
"1073",0
"1074",7.19568321572904
"1075",7.06558954019256
"1076",0
"1077",0
"1078",0
"1079",0
"1080",13.5110511953022
"1081",5.31075856139359
"1082",12.6604516305793
"1083",0
"1084",0
"1085",6.05664853701175
"1086",0
"1087",0
"1088",6.64933810406852
"1089",3.81569953830729
"1090",0
"1091",9.5280119779439
"1092",11.3708202696124
"1093",4.28481549834896
"1094",0
"1095",7.2360579816761
"1096",0
"1097",0
"1098",7.66302185386439
"1099",0
"1100",0
"1101",1.95021398399091
"1102",13.5127196940976
"1103",5.25551174913572
"1104",0
"1105",4.29902513026357
"1106",3.20403407145794
"1107",7.474547090848
"1108",10.1354030153927
"1109",3.6021806290057
"1110",6.20575567180671
"1111",3.4431304221007
"1112",3.26159775957515
"1113",4.40696191405654
"1114",5.53140954928555
"1115",0
"1116",4.68214148331317
"1117",4.41697888935735
"1118",9.25099817281429
"1119",5.58173837708646
"1120",6.22441323076659
"1121",0
"1122",4.03007832391233
"1123",0
"1124",0
"1125",4.09282706832055
"1126",5.30230394462582
"1127",4.81936565426082
"1128",4.17127835294487
"1129",7.90150050562775
"1130",11.9000800003541
"1131",2.69812074939622
"1132",5.59181621585081
"1133",6.4763243749564
"1134",6.23894282503362
"1135",0
"1136",11.4724523623337
"1137",1.8829465664661
"1138",4.51521692211926
"1139",2.76196895225543
"1140",3.54931870215472
"1141",8.49647807511989
"1142",10.2224477374847
"1143",6.2699807259845
"1144",8.46436323105591
"1145",5.32546771862353
"1146",3.43034749978051
"1147",4.3472283129406
"1148",3.96517062471626
"1149",2.75245455839891
"1150",3.0086781542143
"1151",0
"1152",13.582834317257
"1153",6.7532814690688
"1154",8.27661080103958
"1155",5.49779757860228
"1156",9.08226362254115
"1157",0
"1158",7.78645620330056
"1159",6.29533658942369
"1160",8.17138307885709
"1161",1.24937305094866
"1162",2.93071920479906
"1163",13.4854089070756
"1164",10.3835975736848
"1165",3.89826719687553
"1166",0.906332763773065
"1167",2.46501869980385
"1168",5.66928197939675
"1169",0
"1170",0
"1171",0
"1172",5.20329787923527
"1173",6.33735838548438
"1174",5.2078565277938
"1175",0
"1176",4.48319175384348
"1177",0
"1178",2.22437533991214
"1179",3.42312607696616
"1180",0
"1181",11.0907549075088
"1182",1.91518219986089
"1183",0
"1184",3.05274904790434
"1185",2.52180525465152
"1186",16.0065387154204
"1187",15.0670865737564
"1188",5.39752147287212
"1189",0
"1190",0
"1191",0
"1192",0
"1193",3.2488115326579
"1194",8.2099473279637
"1195",4.74230721367358
"1196",6.27115636342735
"1197",6.95476289223104
"1198",0
"1199",0
"1200",0
"1201",0
"1202",6.19414700147366
"1203",11.9140584115927
"1204",0
"1205",5.56568757040824
"1206",0.828898305680344
"1207",0
"1208",0
"1209",4.61635281228128
"1210",0
"1211",18.4726917150269
"1212",6.56304270708017
"1213",5.34641934816375
"1214",6.29543674795493
"1215",1.9352133959761
"1216",0
"1217",0
"1218",0
"1219",8.10959129680556
"1220",11.8359891353762
"1221",6.24139355831317
"1222",7.44224317708302
"1223",0
"1224",6.9913754885543
"1225",7.52653173937552
"1226",11.2956438270101
"1227",11.7229264629757
"1228",0
"1229",0
"1230",5.97315001953201
"1231",14.3714330880974
"1232",0
"1233",4.36615003300227
"1234",0
"1235",6.69551500989221
"1236",1.14386474198633
"1237",8.80133701950063
"1238",4.17397798551222
"1239",6.83238385907287
"1240",2.81169881588723
"1241",0
"1242",17.0506922864144
"1243",0
"1244",0
"1245",0
"1246",5.84174909310858
"1247",3.46035347322666
"1248",8.18930385232533
"1249",10.1682254805429
"1250",0
"1251",4.09430215129364
"1252",6.45057711979076
"1253",0
"1254",0
"1255",9.70199236067553
"1256",4.05899511652587
"1257",0
"1258",7.65270945193392
"1259",2.94515549988857
"1260",10.1410174779216
"1261",4.95707938360522
"1262",0
"1263",6.0620129724038
"1264",2.90479140264713
"1265",5.637555150061
"1266",3.76055997018894
"1267",3.94134207081205
"1268",0
"1269",8.46356828015609
"1270",0
"1271",9.01346507856033
"1272",0
"1273",6.38230017031288
"1274",0
"1275",13.0340698732514
"1276",0
"1277",4.15280999614031
"1278",7.06690143099646
"1279",6.96430891576777
"1280",0
"1281",7.01296224582713
"1282",2.30851611149169
"1283",11.1416384599342
"1284",4.94182122893124
"1285",1.89362021681861
"1286",3.66570302287938
"1287",0
"1288",5.79868023030941
"1289",0
"1290",0
"1291",2.26553902106964
"1292",2.82953671461627
"1293",0
"1294",0
"1295",2.93101430279591
"1296",3.21902433047247
"1297",5.23470226672466
"1298",8.76657671062323
"1299",5.17497071287312
"1300",12.763087011347
"1301",1.53697582651789
"1302",3.36838563344519
"1303",0
"1304",5.97016496107906
"1305",0
"1306",5.74868470378518
"1307",8.29841670062664
"1308",11.6278482176694
"1309",-0.096450068890479
"1310",6.04751519440046
"1311",6.73501032370201
"1312",8.85331627591791
"1313",7.60463462752816
"1314",7.42726175097884
"1315",0
"1316",0
"1317",11.9672497881867
"1318",2.4113294447648
"1319",0
"1320",0
"1321",4.15634028338235
"1322",6.59906016399315
"1323",10.0156613234006
"1324",3.52993868477902
"1325",10.592211858157
"1326",0
"1327",4.32470372826813
"1328",0
"1329",4.20819109138927
"1330",3.06011530954702
"1331",0
"1332",0
"1333",11.9894978979404
"1334",0
"1335",17.670028232059
"1336",8.18244973598237
"1337",6.2462009705779
"1338",14.8851231586958
"1339",0
"1340",2.04016893432789
"1341",4.27195697602438
"1342",4.40549547067317
"1343",0
"1344",2.82541679406977
"1345",12.1164822606943
"1346",0
"1347",7.48949798707702
"1348",6.59225592756957
"1349",0
"1350",10.1096526851763
"1351",0
"1352",0
"1353",5.17924178955643
"1354",0
"1355",0
"1356",14.9018657218115
"1357",6.3400373026167
"1358",4.42009240626136
"1359",5.41266852943692
"1360",4.78125075869856
"1361",0
"1362",2.72858840661869
"1363",4.09970886445176
"1364",3.99405957909931
"1365",0
"1366",4.50553543528269
"1367",11.7531088959344
"1368",0
"1369",0
"1370",6.83065228413726
"1371",6.82994401724421
"1372",4.8785742717868
"1373",2.32785013331833
"1374",6.1803970721769
"1375",1.4334552389952
"1376",0
"1377",8.38710779863787
"1378",5.9129591916932
"1379",6.05735256942432
"1380",13.1948316509763
"1381",0
"1382",3.38186887987028
"1383",6.84591030255808
"1384",8.98672577853512
"1385",10.2523122521129
"1386",0
"1387",4.06245600135033
"1388",2.15508797793379
"1389",3.08623209595011
"1390",7.72855765743389
"1391",5.93423730019512
"1392",14.4043721312654
"1393",6.33323705868609
"1394",0
"1395",13.5387049469491
"1396",6.17136451433132
"1397",0
"1398",8.73836971256226
"1399",0
"1400",0
"1401",3.59897361593642
"1402",1.01941823382479
"1403",0
"1404",4.124236407243
"1405",0
"1406",4.3142818002831
"1407",7.33801821094607
"1408",16.0702785725814
"1409",0
"1410",4.06449690523955
"1411",2.04633320118419
"1412",0
"1413",0
"1414",0
"1415",6.66256064015748
"1416",5.73165284955054
"1417",0
"1418",5.26452517589146
"1419",0
"1420",0
"1421",0
"1422",1.43571853911806
"1423",6.52339373860924
"1424",0
"1425",4.77084677176306
"1426",0
"1427",4.58354480725401
"1428",-0.101523147930299
"1429",2.05420718381533
"1430",0
"1431",4.3268946819441
"1432",1.95397535932859
"1433",4.78953509788678
"1434",9.38137588649563
"1435",6.67856359062236
"1436",7.79744006358302
"1437",5.50678396991983
"1438",7.03046550079487
"1439",4.59769526788271
"1440",5.47327337123243
"1441",6.4267841100223
"1442",0
"1443",7.43608389129213
"1444",3.79022702816472
"1445",8.60403862251171
"1446",1.75367759512743
"1447",0
"1448",5.47829379824686
"1449",5.95448129522837
"1450",4.41304126654053
"1451",8.26507568705034
"1452",3.17922066614827
"1453",6.32458768498015
"1454",6.7556348443052
"1455",5.85943642031505
"1456",7.69507486631013
"1457",6.13290762133588
"1458",-1.59550536159644
"1459",7.0641638851562
"1460",13.3465882379761
"1461",7.44955628778565
"1462",4.55541112812718
"1463",5.77905009596163
"1464",0
"1465",4.23117995300218
"1466",9.37880801765746
"1467",6.21645665954682
"1468",5.68007200740952
"1469",0
"1470",10.784449257363
"1471",6.23923073069417
"1472",9.98859747921793
"1473",3.15869607251051
"1474",0
"1475",0
"1476",6.31914074797082
"1477",10.9972354881599
"1478",5.91670471873919
"1479",3.8468380045862
"1480",5.29925383615245
"1481",18.3601854717595
"1482",6.2050561843461
"1483",11.6708739292568
"1484",5.65760412094938
"1485",3.86040652007417
"1486",0
"1487",4.26457885691377
"1488",2.1879226932637
"1489",0
"1490",6.6647129348971
"1491",0
"1492",6.46956395319221
"1493",0
"1494",7.34426562514296
"1495",13.1724373570115
"1496",9.59653038044544
"1497",11.6568930835868
"1498",0
"1499",6.73028674649365
"1500",14.5016652504842
"1501",9.94711908589941
"1502",6.60854077392309
"1503",8.03411689514881
"1504",6.47528555732724
"1505",5.8024249695632
"1506",5.20863416693056
"1507",4.71801414584525
"1508",13.7105504885667
"1509",5.11135195310975
"1510",4.05100244655091
"1511",0
"1512",6.32908676787621
"1513",11.1173860561349
"1514",4.11967421586334
"1515",16.6156267419857
"1516",0
"1517",0
"1518",2.46829431031433
"1519",0
"1520",0
"1521",4.95712653528657
"1522",0
"1523",2.70259042630174
"1524",6.71113999022641
"1525",6.29199238728349
"1526",6.46669258182757
"1527",6.03157310545951
"1528",0
"1529",10.25911114651
"1530",0
"1531",3.41648390419954
"1532",0
"1533",0
"1534",6.33536446214829
"1535",1.67654221058337
"1536",5.99920850910748
"1537",4.26445276848418
"1538",7.23069609914838
"1539",10.9012610908934
"1540",7.12187499852486
"1541",0
"1542",7.50370856584548
"1543",8.10792407724206
"1544",0
"1545",0
"1546",0
"1547",3.94628387722443
"1548",6.57084729606786
"1549",3.10096701445223
"1550",8.78113436025642
"1551",0
"1552",4.01722053803387
"1553",3.83680065417806
"1554",11.9984802242115
"1555",9.50976594592606
"1556",7.90945039174266
"1557",5.28981267680127
"1558",0
"1559",0
"1560",5.84576674327649
"1561",3.38094327018054
"1562",3.73486611833378
"1563",3.61744841473182
"1564",0
"1565",4.89461089829785
"1566",0
"1567",6.60260141141234
"1568",5.0708568311472
"1569",9.2641398574798
"1570",0
"1571",13.3274869754784
"1572",10.3162657537425
"1573",5.28014423833133
"1574",6.10236599862711
"1575",3.44807635619183
"1576",5.53705230210203
"1577",0.703224666844767
"1578",0
"1579",1.2575372143055
"1580",8.67376995424125
"1581",0
"1582",0
"1583",3.38274409575012
"1584",0
"1585",5.16167493882375
"1586",1.74399521228532
"1587",0
"1588",0
"1589",0
"1590",5.45905436027165
"1591",6.37863283759942
"1592",0
"1593",0
"1594",1.78374013942781
"1595",10.9440566893263
"1596",3.96363660628003
"1597",0
"1598",7.81705781237131
"1599",11.6997817271319
"1600",6.59128566541034
"1601",13.3819390191832
"1602",7.92731255996248
"1603",9.59071001913321
"1604",18.0829263726737
"1605",9.07754614613608
"1606",12.4332306563081
"1607",6.08985511090398
"1608",6.64072740596687
"1609",6.95767417282511
"1610",6.48597631125113
"1611",0
"1612",5.52177843686906
"1613",0
"1614",0
"1615",9.21407384063079
"1616",8.45124207555485
"1617",5.0992294440835
"1618",4.31850278720636
"1619",5.5774517317048
"1620",14.9767201673848
"1621",4.05686937937829
"1622",0
"1623",0
"1624",11.7732414577668
"1625",8.31045023158421
"1626",3.94526566562937
"1627",5.86421151910278
"1628",0
"1629",0
"1630",6.3306366081378
"1631",0
"1632",3.00803199391403
"1633",4.16608734717284
"1634",0
"1635",4.88543220767292
"1636",6.09595062320825
"1637",7.17296337388128
"1638",1.95770439222425
"1639",5.11657192240312
"1640",7.95804326655645
"1641",5.59533080187699
"1642",5.88384545264766
"1643",0
"1644",2.71983767197965
"1645",0
"1646",6.72856891287476
"1647",11.9944219580102
"1648",0
"1649",3.46193463323762
"1650",3.14564910227466
"1651",0
"1652",0
"1653",0
"1654",3.79938935429624
"1655",0
"1656",6.07342394225636
"1657",0
"1658",5.23610971221837
"1659",2.43097729543755
"1660",0
"1661",5.39983253620822
"1662",4.50322606497611
"1663",0
"1664",7.57305039604551
"1665",0
"1666",0
"1667",5.39905188307406
"1668",0
"1669",0
"1670",14.1626291289995
"1671",0
"1672",0
"1673",0
"1674",0
"1675",4.02700626166772
"1676",0
"1677",11.009062966354
"1678",12.5756393673489
"1679",0
"1680",3.85898099977105
"1681",-0.230093943758899
"1682",0
"1683",0
"1684",5.73257927374233
"1685",5.53696296355771
"1686",3.14357591329821
"1687",0
"1688",0
"1689",4.96072044315112
"1690",0
"1691",0
"1692",2.69767680869565
"1693",4.68965578131951
"1694",0
"1695",0
"1696",7.96744743240348
"1697",2.68755079392282
"1698",0
"1699",0
"1700",3.72705241100786
"1701",0
"1702",4.64859968464749
"1703",2.76383919870156
"1704",3.45254333601088
"1705",3.37866769450852
"1706",8.87355477461115
"1707",5.27426321097549
"1708",0
"1709",4.97483312197155
"1710",7.70936819250626
"1711",0
"1712",8.51423910260148
"1713",6.68658393801815
"1714",11.984053077988
"1715",11.6550892428479
"1716",10.4346027978944
"1717",8.53626386805392
"1718",0
"1719",6.78972551869848
"1720",0
"1721",6.08826863137471
"1722",0
"1723",10.0631881169514
"1724",6.19640269787818
"1725",8.20210156289406
"1726",0
"1727",6.79357977397354
"1728",5.19980340407229
"1729",0
"1730",7.48739083967389
"1731",0
"1732",0
"1733",11.1709799645944
"1734",3.94279222556206
"1735",7.71125090505407
"1736",12.825747951929
"1737",8.71237890134056
"1738",0
"1739",0
"1740",0
"1741",7.09857988780756
"1742",4.60819086235504
"1743",0
"1744",3.89226837104441
"1745",4.61680198019253
"1746",17.1674840662799
"1747",7.46520252990088
"1748",0
"1749",13.6282067521787
"1750",4.84509866479908
"1751",9.41972744693292
"1752",0
"1753",6.62188197144006
"1754",0
"1755",0
"1756",7.22172519938235
"1757",0
"1758",3.53644574498292
"1759",6.08351272229464
"1760",0
"1761",0
"1762",2.71960782107817
"1763",0
"1764",0
"1765",3.85829059477039
"1766",0
"1767",3.215686053307
"1768",4.13903229985359
"1769",7.76543991526021
"1770",0
"1771",2.13044388114962
"1772",0
"1773",5.29427323042726
"1774",0
"1775",5.58096173157087
"1776",5.73121848914714
"1777",0
"1778",0
"1779",0.627055415203525
"1780",0
"1781",0
"1782",7.35968886885346
"1783",1.59121335856508
"1784",7.9104248784568
"1785",6.43751072828805
"1786",8.66945584945203
"1787",0
"1788",14.6618873980296
"1789",7.16473453220154
"1790",6.29823750024558
"1791",10.0144923024992
"1792",8.34685597276102
"1793",4.98822025602584
"1794",3.47526841273455
"1795",0
"1796",1.71094583640856
"1797",10.0655838115994
"1798",5.68144230128623
"1799",0
"1800",8.01323972118765
"1801",5.95439536341623
"1802",10.0545347074928
"1803",11.9301211708776
"1804",2.30639303503135
"1805",4.73439086146782
"1806",5.10747736750181
"1807",0
"1808",6.57451895885076
"1809",5.6688813089965
"1810",9.73015330850347
"1811",6.03317329684292
"1812",0
"1813",4.76312017498594
"1814",0
"1815",4.80130132147265
"1816",3.03958328617146
"1817",0
"1818",8.26051246177936
"1819",6.75835382533297
"1820",10.5299448391903
"1821",0
"1822",7.30409389375295
"1823",5.79846303008702
"1824",6.13970124931113
"1825",0
"1826",10.2703845593795
"1827",0
"1828",15.0911220479328
"1829",0
"1830",0.951138606216545
"1831",15.2930821694612
"1832",3.01664258775705
"1833",5.17100209617398
"1834",-0.0583555714052109
"1835",7.16288742617714
"1836",8.36064384333095
"1837",5.14526758019759
"1838",0
"1839",6.25917031337006
"1840",5.0841459219396
"1841",9.06429164469033
"1842",0
"1843",5.93518931866229
"1844",0
"1845",2.96288235511179
"1846",6.81942335620537
"1847",9.05581566045509
"1848",9.74706229728533
"1849",0
"1850",5.65843766615837
"1851",0.838239330353518
"1852",0
"1853",4.14755026331471
"1854",0
"1855",5.45928317252094
"1856",5.87769177718482
"1857",0
"1858",5.33474482119858
"1859",2.63422115153327
"1860",0
"1861",9.79200654654679
"1862",5.74758702986673
"1863",6.57004727476497
"1864",8.70785271576904
"1865",4.82048078311248
"1866",7.71655801356091
"1867",0
"1868",0
"1869",4.18121294932989
"1870",0
"1871",12.365069228064
"1872",0
"1873",0
"1874",0
"1875",2.20013889449538
"1876",0
"1877",3.25380353798943
"1878",0
"1879",0
"1880",6.07224638125003
"1881",4.80114743865307
"1882",8.94281592228264
"1883",0
"1884",5.98781973135505
"1885",5.26869919758673
"1886",7.64364659944315
"1887",7.01122153702977
"1888",0
"1889",2.75064310554371
"1890",14.9070734970981
"1891",15.3933483750916
"1892",0
"1893",0
"1894",7.4861861727312
"1895",12.8694958521698
"1896",4.23373600087113
"1897",0
"1898",0
"1899",2.73950434971324
"1900",3.00000962432473
"1901",3.26249481140133
"1902",0
"1903",0
"1904",0
"1905",0
"1906",0
"1907",8.08902645203743
"1908",8.91514343054864
"1909",5.574901930714
"1910",10.2177026232366
"1911",6.05387536512461
"1912",0
"1913",0
"1914",7.08122819260975
"1915",0
"1916",4.3101459782447
"1917",0
"1918",5.61929618429715
"1919",0
"1920",0
"1921",4.46187753728594
"1922",5.39360963558087
"1923",5.02230925456295
"1924",0
"1925",8.27169902166993
"1926",6.93286202923387
"1927",12.5949164073677
"1928",5.61068261643104
"1929",5.24465593192036
"1930",0
"1931",0
"1932",0
"1933",16.6687465952074
"1934",0
"1935",9.78447472658256
"1936",16.4726155785357
"1937",5.05470154433933
"1938",4.40173255475491
"1939",7.05416901336281
"1940",4.99068061091115
"1941",0
"1942",0
"1943",0
"1944",6.62516129961485
"1945",0
"1946",10.9731433837034
"1947",4.98596509917566
"1948",0
"1949",0
"1950",4.61444175528278
"1951",8.07067738689528
"1952",8.45563827186607
"1953",5.55210006382169
"1954",1.20394013729759
"1955",3.92751235631996
"1956",2.23445700528342
"1957",5.53084799393001
"1958",7.1823786524585
"1959",6.27225852638275
"1960",0
"1961",2.50126209726505
"1962",0
"1963",7.12638441088031
"1964",3.71907100551835
"1965",0
"1966",0
"1967",7.20315771614711
"1968",0
"1969",0
"1970",11.2156119268772
"1971",6.70624487030584
"1972",0
"1973",5.66771016373465
"1974",6.07897415311885
"1975",2.68348275934227
"1976",0
"1977",1.07319131150642
"1978",4.86479182500671
"1979",5.70398953118785
"1980",6.36938956671635
"1981",7.32304171397244
"1982",0
"1983",5.54892162069265
"1984",0
"1985",0
"1986",8.14128817943295
"1987",3.90373356453297
"1988",0.988323097299781
"1989",1.86469495104845
"1990",1.03019798190703
"1991",0
"1992",3.89218086352304
"1993",12.35745117984
"1994",5.18696607104379
"1995",0
"1996",5.31052968781172
"1997",8.81163688550122
"1998",0
"1999",7.97914822287991
"2000",3.45299713532761
"2001",0
"2002",6.76974259641754
"2003",13.960058916846
"2004",3.07484930161673
"2005",0
"2006",3.83497812078677
"2007",0
"2008",0
"2009",0
"2010",14.0493589563964
"2011",15.6299115313691
"2012",0
"2013",0
"2014",1.8307444197101
"2015",7.29556232964899
"2016",3.38175317437533
"2017",8.31479974285808
"2018",0
"2019",6.34798442153127
"2020",0
"2021",5.14454352418077
"2022",7.36054052002412
"2023",14.3668647527404
"2024",7.8934616136162
"2025",9.59784701872716
"2026",0
"2027",0
"2028",0
"2029",2.20643447091707
"2030",5.29639876980373
"2031",5.23376349347745
"2032",6.31785954301489
"2033",2.72083922326319
"2034",5.55891640286667
"2035",2.65378254117572
"2036",4.56779972606802
"2037",0
"2038",0
"2039",7.95992518772857
"2040",0
"2041",0
"2042",6.41232301147158
"2043",0
"2044",7.68518265155958
"2045",0
"2046",0
"2047",8.36445631648325
"2048",14.1125649697892
"2049",0
"2050",0
"2051",0
"2052",0
"2053",7.73923267918522
"2054",5.12730341107984
"2055",0
"2056",0
"2057",0
"2058",0
"2059",5.44160013504744
"2060",0
"2061",12.4046206983141
"2062",12.2338547581894
"2063",4.39399091673301
"2064",0
"2065",0
"2066",6.00816896439951
"2067",0
"2068",0
"2069",6.40928646789004
"2070",3.17748407284539
"2071",0
"2072",0
"2073",4.46998612003306
"2074",4.4058267735498
"2075",0
"2076",5.44253601233515
"2077",0
"2078",3.71649502246592
"2079",0
"2080",2.5774667774535
"2081",5.99024887696321
"2082",8.06997458524661
"2083",2.81359464250718
"2084",10.8963689811618
"2085",5.62816347993417
"2086",0
"2087",0
"2088",1.97792305947446
"2089",0
"2090",2.84507739332701
"2091",5.7469778067774
"2092",6.96561482255907
"2093",0
"2094",0
"2095",0
"2096",0
"2097",2.80470287234627
"2098",3.96347999900599
"2099",0
"2100",0
"2101",0
"2102",5.70305328896761
"2103",15.181488202949
"2104",0
"2105",8.10259939776836
"2106",4.13479247881251
"2107",6.38654493215974
"2108",0
"2109",7.87152729630789
"2110",10.6478228107248
"2111",6.1673439986533
"2112",2.91029133998482
"2113",0
"2114",0
"2115",6.81284252251887
"2116",4.16288153810973
"2117",0
"2118",5.61792530770516
"2119",0
"2120",16.0888172714808
"2121",12.6378410253288
"2122",0
"2123",6.03731495592523
"2124",11.7008457819096
"2125",0
"2126",9.66073474874986
"2127",5.37066499990004
"2128",4.06467001339013
"2129",10.348289907323
"2130",4.82727964751583
"2131",0
"2132",0
"2133",10.3707357123255
"2134",0
"2135",4.53596260820495
"2136",0
"2137",0
"2138",5.49232820311391
"2139",0
"2140",0
"2141",0
"2142",7.16703248085802
"2143",5.92743710063995
"2144",0
"2145",5.06560362733656
"2146",5.99727301615167
"2147",0
"2148",4.82919884235888
"2149",0
"2150",0
"2151",15.6098935281368
"2152",2.39358334178264
"2153",3.1859021078137
"2154",6.2727505841471
"2155",0
"2156",3.65455455118122
"2157",0
"2158",6.29195047424667
"2159",3.8363273205782
"2160",6.09302367398565
"2161",0
"2162",2.12572831150727
"2163",0
"2164",6.45715627850697
"2165",4.46662126096767
"2166",6.34608784529474
"2167",6.46124260947859
"2168",3.67933235193065
"2169",5.02035213086242
"2170",2.67907504297023
"2171",12.0130584015937
"2172",11.6052263869444
"2173",2.36178033741158
"2174",13.3038514614993
"2175",0
"2176",6.14904284770125
"2177",9.58225567400204
"2178",0
"2179",5.43124916104235
"2180",5.72814109582873
"2181",0
"2182",0
"2183",0
"2184",0
"2185",14.1586336608001
"2186",0
"2187",0
"2188",7.3584950159368
"2189",0
"2190",0
"2191",0
"2192",5.12902577138007
"2193",0
"2194",10.1116320390006
"2195",7.78002140752773
"2196",5.70953327651521
"2197",0
"2198",4.01599769338683
"2199",4.3650806184389
"2200",6.99670987129936
"2201",8.22456449900043
"2202",0
"2203",5.98976349348249
"2204",12.28805089537
"2205",5.16246291170078
"2206",0
"2207",2.39680514267179
"2208",0
"2209",0
"2210",0
"2211",0
"2212",4.97354066456572
"2213",4.55608689459416
"2214",8.61025048148143
"2215",5.29090878073174
"2216",8.43502281584954
"2217",0
"2218",7.85205803234156
"2219",3.43884748794764
"2220",4.50410866500834
"2221",0
"2222",0
"2223",0
"2224",2.62042257442692
"2225",0
"2226",0
"2227",0
"2228",1.23524182890643
"2229",0
"2230",7.47283931966398
"2231",0
"2232",4.66058374065056
"2233",0
"2234",3.68333048511146
"2235",0
"2236",5.32580495866826
"2237",11.1833997820846
"2238",4.93414187167203
"2239",0
"2240",5.83568633114628
"2241",0
"2242",8.2507069759368
"2243",0
"2244",3.657680413841
"2245",0
"2246",4.29206966298431
"2247",0
"2248",8.79802278790284
"2249",0
"2250",2.25779136541039
"2251",0
"2252",6.8454445525356
"2253",8.95148983248504
"2254",0
"2255",3.60813830589129
"2256",3.29767214616282
"2257",0
"2258",8.31632535306701
"2259",7.88629811862961
"2260",6.78431216463267
"2261",3.53020181788506
"2262",0
"2263",9.27769413518314
"2264",0
"2265",3.40262780281597
"2266",14.0124521259202
"2267",8.03724197725841
"2268",4.6508513474131
"2269",0
"2270",5.14424758198491
"2271",0
"2272",0
"2273",7.95837081027179
"2274",6.96140157135807
"2275",8.75407735794061
"2276",0
"2277",11.6386377662984
"2278",0
"2279",6.06071915210328
"2280",2.65060265016947
"2281",4.57431494141854
"2282",0
"2283",0
"2284",0
"2285",7.45286497624473
"2286",3.54387217771566
"2287",4.49899101677018
"2288",5.97644079808671
"2289",5.34141482448509
"2290",9.34897173625322
"2291",2.19279399890597
"2292",0
"2293",0
"2294",7.19209363275338
"2295",0
"2296",6.90700115416914
"2297",5.16563012821925
"2298",6.16108114530036
"2299",8.27454190514728
"2300",3.98953769875847
"2301",6.9182461253143
"2302",0
"2303",3.86568520435633
"2304",7.20754844802967
"2305",5.5383047671364
"2306",13.5917380790563
"2307",1.17719454007064
"2308",2.9922281955775
"2309",0
"2310",0
"2311",6.20690758117751
"2312",8.60089611551215
"2313",0.891667772841998
"2314",16.1081134104107
"2315",4.11451946369994
"2316",8.67457126248361
"2317",0
"2318",3.56231817713687
"2319",0
"2320",8.92255999159316
"2321",7.04383243052871
"2322",5.48474686373192
"2323",0
"2324",0
"2325",7.01854730595966
"2326",0
"2327",25.2616224747266
"2328",0
"2329",0
"2330",3.7459924880896
"2331",1.61001422514485
"2332",3.98487910237689
"2333",3.86346831115175
"2334",5.70693290163793
"2335",7.75283558580216
"2336",0
"2337",0
"2338",0
"2339",0
"2340",0
"2341",0
"2342",0
"2343",14.5540337303061
"2344",0
"2345",13.1669772102232
"2346",5.04599151811524
"2347",5.67017101987894
"2348",4.11677720319437
"2349",12.3760226992802
"2350",4.736252846017
"2351",8.21775365781089
"2352",5.30576846878929
"2353",0
"2354",4.89403517989748
"2355",0
"2356",5.98782504083647
"2357",4.94671330970814
"2358",5.87017059637175
"2359",2.80599871051225
"2360",0
"2361",10.5391013591982
"2362",6.4908059099118
"2363",0
"2364",11.3225406434375
"2365",0
"2366",5.31209771272631
"2367",0
"2368",9.03597882204297
"2369",11.9143771757253
"2370",0
"2371",6.15855835940897
"2372",0
"2373",1.97075562591057
"2374",0
"2375",6.30594105461735
"2376",0
"2377",0.697162755030346
"2378",0
"2379",0
"2380",3.5552839836487
"2381",15.2000233989903
"2382",10.2352949640441
"2383",0
"2384",11.0876049619226
"2385",12.4002815910399
"2386",6.18996571995263
"2387",7.11589170067358
"2388",2.71818460798059
"2389",0
"2390",0
"2391",16.1784114944434
"2392",6.19855282456037
"2393",5.54961388956423
"2394",5.97997689927497
"2395",7.28568310144096
"2396",0.137249884940554
"2397",-0.241772320708625
"2398",0
"2399",4.38311040416479
"2400",0
"2401",6.28222308397526
"2402",10.4715998787301
"2403",7.39666691503901
"2404",0
"2405",0
"2406",4.31454061334986
"2407",0
"2408",0
"2409",0
"2410",2.93068739657091
"2411",6.10872820623254
"2412",4.05159839568157
"2413",6.02248537852721
"2414",5.18153750716169
"2415",4.72480607373996
"2416",7.61252637007701
"2417",12.2487756878064
"2418",0
"2419",7.7840888619368
"2420",6.0847307860268
"2421",3.1480651335114
"2422",0
"2423",0
"2424",0
"2425",6.04104300247006
"2426",13.3011074213287
"2427",7.44491761499155
"2428",4.44785363719267
"2429",14.0082322502064
"2430",6.03058900009053
"2431",0
"2432",6.01826228030143
"2433",0
"2434",12.076394097289
"2435",5.14017279548316
"2436",5.84901775702158
"2437",2.94527496797529
"2438",15.1172169198077
"2439",4.80911867557441
"2440",10.982086313997
"2441",4.77608713277503
"2442",0
"2443",6.86915304500348
"2444",2.89858040463406
"2445",6.18564714258551
"2446",9.83858888610213
"2447",8.24603501997163
"2448",7.357447046927
"2449",0
"2450",7.9617561558485
"2451",0
"2452",6.34025366733378
"2453",0
"2454",0
"2455",0
"2456",7.1050806221274
"2457",0
"2458",3.48581739008852
"2459",4.46147151631682
"2460",0
"2461",0
"2462",2.48805494674568
"2463",4.17939173656825
"2464",6.02480302523031
"2465",8.47821234867935
"2466",3.90413296980007
"2467",4.25875521997792
"2468",0
"2469",11.4525716385902
"2470",2.2573156106731
"2471",3.33133610185058
"2472",3.63927713809342
"2473",0
"2474",7.85197420226598
"2475",6.87792968637362
"2476",16.2363159760264
"2477",5.98044096476415
"2478",5.88221809250836
"2479",18.3908502113901
"2480",3.17074756688736
"2481",0
"2482",14.3487735017773
"2483",2.16626002828746
"2484",1.35488817880772
"2485",0
"2486",6.03744859076611
"2487",0
"2488",0
"2489",0
"2490",2.56823420737085
"2491",5.53773140931946
"2492",7.81050071718323
"2493",1.91052643671032
"2494",9.03550888943829
"2495",0
"2496",4.41680896215256
"2497",0
"2498",10.7801364607842
"2499",7.69785480999638
"2500",11.8244158145934
"2501",4.42211547067682
"2502",6.0721488410385
"2503",0
"2504",4.43150680005323
"2505",5.47324413920845
"2506",0
"2507",3.13107921650033
"2508",4.3830881692622
"2509",7.47941785298592
"2510",3.76582517238692
"2511",0
"2512",6.22979909020165
"2513",3.36568208721112
"2514",0
"2515",9.20589050101413
"2516",0
"2517",3.6688937669658
"2518",0
"2519",14.9853308354495
"2520",0
"2521",2.68341176522711
"2522",0
"2523",6.8765649875699
"2524",5.08160419739062
"2525",3.19824097765666
"2526",5.79648834081191
"2527",0
"2528",6.30344887492422
"2529",4.57797309601993
"2530",7.97619953736788
"2531",0
"2532",10.4041557037193
"2533",3.72944364249491
"2534",12.1426627087517
"2535",5.09282735775182
"2536",0
"2537",6.66445606758649
"2538",7.79451138374151
"2539",5.18599821964501
"2540",3.99773070462149
"2541",5.26796332009136
"2542",0
"2543",5.28605038658028
"2544",4.18168403941667
"2545",4.13522834499375
"2546",0
"2547",14.1954060349599
"2548",6.98885960653747
"2549",0
"2550",5.45531153169762
"2551",4.33454682976222
"2552",6.17055958770746
"2553",5.32713561759961
"2554",0
"2555",4.23534709212811
"2556",14.095457604571
"2557",3.6214035052733
"2558",1.43709048146104
"2559",2.70012463805119
"2560",6.51783955203486
"2561",7.20278705197041
"2562",0
"2563",0
"2564",6.1204597572027
"2565",10.1414614881388
"2566",7.30034441898744
"2567",0
"2568",3.26142200146615
"2569",0
"2570",0
"2571",3.71193597958712
"2572",5.39085983096752
"2573",6.58131331358901
"2574",2.41892471541827
"2575",-0.563409365470314
"2576",0
"2577",0
"2578",5.13715715741547
"2579",2.76861792840356
"2580",6.34218602630498
"2581",0
"2582",17.0241128308532
"2583",8.69227346975125
"2584",3.44676592271564
"2585",2.32543049494164
"2586",8.76630086051447
"2587",0
"2588",14.3627655933388
"2589",0
"2590",9.0220851290063
"2591",9.27745620565666
"2592",3.2234741315565
"2593",0
"2594",0
"2595",3.56067603931643
"2596",5.69902320435169
"2597",0
"2598",4.24360756143328
"2599",0
"2600",6.27132455466576
"2601",8.36793111711885
"2602",4.9702084147438
"2603",19.5019259620865
"2604",2.16376131097688
"2605",10.7561265351979
"2606",5.80742150666037
"2607",12.2263478232335
"2608",2.96703704093227
"2609",0
"2610",5.03375575821745
"2611",4.52552120265945
"2612",4.0690027101058
"2613",0
"2614",5.09738867163253
"2615",5.09124134465933
"2616",0
"2617",1.45313788538786
"2618",10.5724349816344
"2619",0
"2620",6.23510168801981
"2621",6.17859858751807
"2622",7.47901649615196
"2623",0.485131465974027
"2624",0
"2625",1.04433635547103
"2626",15.3805944495015
"2627",11.9770745632026
"2628",0
"2629",12.0094551019905
"2630",0
"2631",6.06753754123305
"2632",6.98678000095242
"2633",0
"2634",6.06476039480425
"2635",4.89067179949769
"2636",5.30054753054142
"2637",6.36094905086462
"2638",1.56017870248191
"2639",9.52405286449943
"2640",4.8607205030723
"2641",8.77510022672801
"2642",15.0589031991021
"2643",5.03519355947805
"2644",5.88129715845398
"2645",0
"2646",6.78446394883285
"2647",5.4069519311192
"2648",0
"2649",16.6315150605835
"2650",5.09041619291067
"2651",3.80337749411626
"2652",11.545496700234
"2653",14.3331664422979
"2654",0
"2655",0
"2656",4.45424212607164
"2657",0
"2658",0
"2659",8.12957489109311
"2660",4.77860919501701
"2661",3.4457296462599
"2662",0
"2663",17.1299746890522
"2664",3.94240389248881
"2665",2.16563377403284
"2666",0
"2667",4.82981161053016
"2668",3.57431421134028
"2669",0
"2670",1.4813834429651
"2671",0
"2672",4.71067231446243
"2673",6.29155053779406
"2674",2.67448657376848
"2675",12.7911396336522
"2676",6.8229482103703
"2677",4.49273614190057
"2678",3.90833009463008
"2679",0
"2680",-2.05550183571113
"2681",4.68766042293561
"2682",2.73547822209412
"2683",17.7479307546118
"2684",5.92244228110003
"2685",0
"2686",0
"2687",0
"2688",7.18571021681229
"2689",5.20811019214755
"2690",8.39130931874793
"2691",0
"2692",9.23419882546833
"2693",3.24269875720028
"2694",3.77224541235289
"2695",0
"2696",7.79130061327358
"2697",12.5061440007449
"2698",7.42055813443896
"2699",0
"2700",0
"2701",0
"2702",2.69980654714671
"2703",9.86052403406196
"2704",0
"2705",7.12312429256616
"2706",5.40180425330417
"2707",5.79508597044954
"2708",0
"2709",7.86032418948875
"2710",8.2643046805836
"2711",7.83672217099871
"2712",7.27737474509706
"2713",0
"2714",7.28693322155006
"2715",0
"2716",11.0189618363633
"2717",0
"2718",7.07835772109156
"2719",0
"2720",0
"2721",10.2484877504778
"2722",0
"2723",5.66253923607211
"2724",0
"2725",0
"2726",3.52089973455632
"2727",15.220711208821
"2728",0
"2729",0
"2730",6.33113372168617
"2731",5.08038552063109
"2732",10.1751602328121
"2733",5.89567205973968
"2734",4.28630414488308
"2735",4.69576695963864
"2736",0
"2737",7.22106232060684
"2738",0
"2739",0
"2740",0
"2741",5.76959949931971
"2742",8.8055463654696
"2743",5.07099544745197
"2744",5.01331832934182
"2745",6.3167002347387
"2746",0
"2747",5.44856950936192
"2748",6.73046248352001
"2749",5.12113115238925
"2750",6.14943443692832
"2751",0
"2752",2.74347368195362
"2753",0
"2754",0
"2755",4.58965588718308
"2756",6.61250320155115
"2757",10.5895048919353
"2758",0
"2759",9.61417946720549
"2760",0
"2761",1.51149549016519
"2762",0
"2763",0
"2764",8.27413855368959
"2765",4.30710111531457
"2766",0
"2767",0
"2768",2.35555121225467
"2769",10.2777062702486
"2770",0
"2771",0
"2772",14.2787816497953
"2773",5.8622532670206
"2774",2.20919163711273
"2775",0
"2776",5.19397592535511
"2777",7.35827678107436
"2778",0
"2779",0
"2780",7.04675250912577
"2781",21.2331559047877
"2782",1.9762481307079
"2783",0
"2784",7.63966404222561
"2785",0
"2786",4.35520818072935
"2787",0
"2788",0
"2789",6.83941107244716
"2790",0
"2791",4.89763727264825
"2792",3.20521261474529
"2793",15.2941211636682
"2794",0
"2795",0
"2796",1.31171723710758
"2797",8.90779447639932
"2798",5.23474369150839
"2799",4.80177134359993
"2800",4.61625091735434
"2801",14.0986499692229
"2802",0
"2803",9.01007214537097
"2804",0
"2805",0
"2806",4.01817677447949
"2807",6.66688915195253
"2808",6.73783201704304
"2809",0
"2810",0
"2811",0
"2812",7.71506151897745
"2813",3.58954017268828
"2814",4.66861261006882
"2815",2.17377622394658
"2816",8.76704307627316
"2817",5.04991354130743
"2818",0
"2819",0
"2820",6.3354844383649
"2821",6.90280877128292
"2822",6.51365807210032
"2823",3.2420860809607
"2824",4.7930300678055
"2825",0
"2826",0
"2827",0
"2828",7.24549106384686
"2829",7.11706825260509
"2830",4.65330243813893
"2831",4.17003317026317
"2832",7.44957237589814
"2833",4.2097539067585
"2834",0
"2835",2.79770377723226
"2836",8.28706858390556
"2837",4.42655857587274
"2838",0
"2839",1.70781904804199
"2840",3.44685833261814
"2841",4.39329563293154
"2842",0
"2843",10.7070001536453
"2844",0
"2845",0
"2846",3.51529635619201
"2847",12.244840425029
"2848",11.7273895823437
"2849",3.22944672562924
"2850",0
"2851",6.05842630260178
"2852",1.3181971609025
"2853",4.12633960800703
"2854",0
"2855",6.32594521898728
"2856",0
"2857",4.57781368638589
"2858",4.43102752847993
"2859",0
"2860",0
"2861",3.7949674231789
"2862",4.13985656529717
"2863",4.16459585772527
"2864",6.33949447700747
"2865",0
"2866",3.20446705709681
"2867",3.35474099267577
"2868",10.5042008562271
"2869",0
"2870",5.80864189980522
"2871",3.0011457412806
"2872",9.15204169807381
"2873",5.14850434408801
"2874",4.39345894940792
"2875",0
"2876",15.7987411849832
"2877",7.64973211245953
"2878",9.62261035683981
"2879",0
"2880",5.55550273456092
"2881",3.82757032368847
"2882",11.2053272565391
"2883",0
"2884",0
"2885",4.05103563500038
"2886",0
"2887",0
"2888",0
"2889",0
"2890",0
"2891",5.06388032830561
"2892",9.83308287508009
"2893",0
"2894",0
"2895",13.0058405978272
"2896",6.8324958895702
"2897",6.09899775489577
"2898",6.00242514860058
"2899",5.1097980307543
"2900",0
"2901",5.13436300791243
"2902",3.61770373140145
"2903",0
"2904",0
"2905",5.34350184705593
"2906",6.43435140236361
"2907",0
"2908",13.0688262834896
"2909",9.88096945875237
"2910",0
"2911",0
"2912",3.13026512743883
"2913",5.02889201746185
"2914",4.83341997447227
"2915",0
"2916",0
"2917",0
"2918",10.4991179217398
"2919",0
"2920",0
"2921",0
"2922",0
"2923",6.80022305762402
"2924",0
"2925",1.3046652629122
"2926",15.2180669981884
"2927",4.19742941235452
"2928",0
"2929",4.85103371940078
"2930",0
"2931",3.51816248907453
"2932",0
"2933",0
"2934",21.6144430857268
"2935",0
"2936",6.090617797883
"2937",0
"2938",10.9373761931694
"2939",4.18533105246063
"2940",0
"2941",3.53012041573391
"2942",7.71087744774921
"2943",5.20926807731211
"2944",3.4810388277126
"2945",4.26879322949443
"2946",0
"2947",5.1556845542129
"2948",6.6444767789651
"2949",6.79239423655044
"2950",4.36266589107828
"2951",0
"2952",0
"2953",5.8063144724423
"2954",0
"2955",0
"2956",0
"2957",6.66037347007183
"2958",4.99224987991961
"2959",2.52222424455787
"2960",4.10666397145868
"2961",7.03743028008321
"2962",2.05092491222936
"2963",2.76998212519956
"2964",5.17228770661305
"2965",0
"2966",6.06620005311137
"2967",3.2859522324747
"2968",5.87253236697204
"2969",0
"2970",0
"2971",7.88066313762531
"2972",0
"2973",0
"2974",4.21362551229125
"2975",6.22181874788762
"2976",0
"2977",0
"2978",5.78735056106989
"2979",1.47524375231691
"2980",6.53418726187597
"2981",2.48226357754589
"2982",1.27837227884917
"2983",10.0786817877692
"2984",0
"2985",0
"2986",6.45553551568543
"2987",3.18128010365546
"2988",9.86123438667298
"2989",12.0337962284355
"2990",4.88909719368591
"2991",0
"2992",0
"2993",4.00797639615991
"2994",7.13020725511337
"2995",7.22961636281894
"2996",9.48386587042677
"2997",0
"2998",5.7955956273491
"2999",0
"3000",7.85513366055695
"3001",0
"3002",5.13795044124849
"3003",4.77301808496578
"3004",5.58745110116805
"3005",9.54769521028821
"3006",0
"3007",7.34846352883705
"3008",0
"3009",11.3369304862712
"3010",3.63641617368134
"3011",5.36125744559596
"3012",0
"3013",0
"3014",5.54286183332134
"3015",0
"3016",3.81543956009602
"3017",0
"3018",0
"3019",13.0912970886943
"3020",5.24194860920995
"3021",4.58853214852103
"3022",8.11406730349757
"3023",5.67285800968587
"3024",5.135363851382
"3025",10.0875019817985
"3026",2.85781351814034
"3027",7.30211126349479
"3028",0
"3029",0
"3030",1.02577073408647
"3031",0
"3032",0
"3033",2.86726400278786
"3034",0
"3035",0
"3036",0
"3037",7.67521546170643
"3038",15.4292988469698
"3039",0
"3040",2.98240444160744
"3041",7.67839466990391
"3042",5.13842256762485
"3043",12.0361066788727
"3044",0
"3045",4.78275364702839
"3046",4.63213100340976
"3047",3.08609646915144
"3048",2.12253655281902
"3049",0
"3050",4.61064265905266
"3051",5.77085270617305
"3052",6.42350691146777
"3053",0
"3054",5.67963570351455
"3055",4.2848109827019
"3056",0
"3057",4.49883443929449
"3058",11.5162831945411
"3059",8.43224227468206
"3060",6.03749288792156
"3061",0
"3062",0
"3063",0
"3064",5.35931821478376
"3065",3.94546580408359
"3066",12.4653245419668
"3067",8.31839041611349
"3068",0
"3069",5.46539736138303
"3070",11.2268597715907
"3071",0
"3072",0
"3073",0
"3074",6.41853137726557
"3075",2.95101775978942
"3076",0
"3077",6.86603206634029
"3078",1.84818175691342
"3079",4.83474334407344
"3080",9.29502962227871
"3081",6.52465775613054
"3082",4.71350514828553
"3083",0
"3084",5.40285355198524
"3085",0
"3086",0
"3087",0
"3088",3.0176323168123
"3089",0
"3090",0
"3091",0
"3092",2.1718183055254
"3093",0
"3094",6.21337117825946
"3095",0
"3096",5.06232100890985
"3097",3.24897237977712
"3098",6.12082218427792
"3099",0
"3100",0
"3101",7.34045914204066
"3102",0
"3103",0
"3104",12.6813686225884
"3105",6.21813952468511
"3106",17.1221010184724
"3107",10.6870158212862
"3108",6.57351631079802
"3109",0
"3110",0
"3111",0
"3112",5.90900093564783
"3113",6.99931220905307
"3114",0
"3115",0
"3116",6.08543517459196
"3117",0
"3118",0
"3119",3.59959461968069
"3120",1.97614335758131
"3121",3.73466447567507
"3122",0
"3123",4.63975369670283
"3124",0
"3125",5.10158942176822
"3126",13.1073960638038
"3127",11.3136587070193
"3128",4.02736382579962
"3129",0
"3130",2.3771650319106
"3131",6.71000905890529
"3132",6.99571795581643
"3133",4.43490481158498
"3134",9.79871517343633
"3135",13.8146860911395
"3136",0
"3137",6.04913228697897
"3138",3.96065330134654
"3139",5.3179646970587
"3140",0
"3141",0
"3142",12.1589731362709
"3143",0
"3144",0
"3145",0
"3146",14.7413186141077
"3147",7.35639542369059
"3148",4.93124721237661
"3149",11.6698019231221
"3150",0
"3151",13.2642489324305
"3152",10.0685141730658
"3153",0
"3154",0
"3155",4.87851769520407
"3156",12.3135452445655
"3157",8.19870862436321
"3158",0
"3159",1.19120933519695
"3160",0
"3161",13.2071889100287
"3162",3.49145211913569
"3163",0
"3164",4.93560630557821
"3165",0
"3166",0
"3167",5.45411927434125
"3168",13.9246207945308
"3169",0
"3170",4.19627078611156
"3171",0
"3172",5.48449800311
"3173",4.31767754130038
"3174",5.13617501597206
"3175",0
"3176",3.91468103190957
"3177",4.98681413296663
"3178",10.0191403885504
"3179",2.67493687095785
"3180",5.82360300857612
"3181",0
"3182",1.34722604150889
"3183",6.60832562546248
"3184",5.01474591742354
"3185",4.57056878487272
"3186",9.87239950997822
"3187",2.87623846031787
"3188",0
"3189",9.1473806175628
"3190",5.52161323886204
"3191",0
"3192",10.7180782673036
"3193",1.69515511762755
"3194",9.31862354960388
"3195",0
"3196",5.66577896372629
"3197",5.56533604308301
"3198",8.22411748712246
"3199",2.41034038394386
"3200",7.16708348950797
"3201",8.637251043454
"3202",0
"3203",0
"3204",16.5249547896546
"3205",3.89505508618204
"3206",0
"3207",0
"3208",2.83466388931401
"3209",0
"3210",0
"3211",4.72747524693118
"3212",3.59438862225037
"3213",2.73069274651401
"3214",4.24450943017059
"3215",4.23379022322479
"3216",10.1416556036918
"3217",5.39414476824349
"3218",1.1365661599415
"3219",0
"3220",6.050955956532
"3221",14.0648646057132
"3222",0
"3223",5.68474090155487
"3224",6.61190186771727
"3225",0.0195758806006374
"3226",10.1937743460243
"3227",0
"3228",0
"3229",13.7390584879288
"3230",4.08440755237038
"3231",6.61293751184887
"3232",13.2279056285218
"3233",14.0006244762172
"3234",0
"3235",0
"3236",0
"3237",0
"3238",0
"3239",0
"3240",15.9699269969537
"3241",5.51816918455863
"3242",0
"3243",0
"3244",0
"3245",7.90538671253024
"3246",7.7416073309779
"3247",6.77284911507336
"3248",12.2635619758017
"3249",7.46138202306524
"3250",0
"3251",0
"3252",4.47804173744677
"3253",0
"3254",0
"3255",7.1806607196909
"3256",7.76177728815989
"3257",9.1141055480973
"3258",4.77330956340709
"3259",3.01699790168911
"3260",0
"3261",14.2683639111878
"3262",9.99406377115992
"3263",10.270950340806
"3264",13.9492204301639
"3265",0
"3266",13.1318337813942
"3267",5.83981250280545
"3268",4.17248806753654
"3269",3.63984468292362
"3270",6.11955669849091
"3271",0
"3272",6.29854619812959
"3273",8.43533834275015
"3274",0
"3275",4.10845141882495
"3276",5.99478918960382
"3277",6.44672785897106
"3278",4.04266949176151
"3279",13.7522747167563
"3280",0
"3281",9.598091046768
"3282",2.47502389969729
"3283",0
"3284",6.23769291784155
"3285",6.12862562632971
"3286",0
"3287",3.53242294115654
"3288",4.2402019532593
"3289",14.6873745272253
"3290",1.70860892776514
"3291",0
"3292",3.78255241653584
"3293",0
"3294",14.9350046391597
"3295",1.76741195265186
"3296",13.5290039573204
"3297",6.59267520359458
"3298",0
"3299",1.86185316942514
"3300",6.78884244045595
"3301",0
"3302",6.60282751397795
"3303",0
"3304",5.25209185291312
"3305",5.90385902057237
"3306",0
"3307",-0.0460278472744182
"3308",3.0607077046568
"3309",11.8279461488448
"3310",0
"3311",5.14463332435108
"3312",1.8916720176013
"3313",4.41291752233621
"3314",8.92286292937954
"3315",0
"3316",5.35637034882102
"3317",7.7004109018048
"3318",0
"3319",12.7295043989129
"3320",0.989282222539973
"3321",7.10237319080752
"3322",0
"3323",3.51531013219699
"3324",0
"3325",2.99462171858924
"3326",0
"3327",3.03147028344995
"3328",5.73928365202776
"3329",4.90813305018024
"3330",0
"3331",0
"3332",12.0725092168437
"3333",2.33179645050388
"3334",4.02319931333947
"3335",5.21217037305247
"3336",4.75543040113907
"3337",0
"3338",3.68852806647906
"3339",7.38417055055928
"3340",11.4210271298207
"3341",0
"3342",7.0890587086997
"3343",8.53270207968899
"3344",13.6151651897172
"3345",0
"3346",0
"3347",6.09274875536884
"3348",3.82554726828535
"3349",3.05374020222324
"3350",9.80122479662377
"3351",8.39325271898757
"3352",7.90810438729276
"3353",5.63350853607403
"3354",3.3003416089447
"3355",5.8484175720971
"3356",8.80807597008639
"3357",6.02928460756126
"3358",0
"3359",11.8136032395168
"3360",3.0552478205695
"3361",3.68734615425368
"3362",10.1263177494538
"3363",5.55469500579651
"3364",4.8578991915985
"3365",9.39628541195641
"3366",6.77274387331537
"3367",15.1186185220108
"3368",0
"3369",4.97496102480092
"3370",6.93241317412057
"3371",3.70553980149842
"3372",7.58272357370342
"3373",0
"3374",8.66529021498835
"3375",0
"3376",3.78354361822578
"3377",7.02888857447826
"3378",6.86662540702525
"3379",5.13362436012395
"3380",2.32524711261793
"3381",3.51808320119334
"3382",3.99428396737446
"3383",5.71083634146544
"3384",4.69743173113613
"3385",7.29335426964751
"3386",0
"3387",15.0008959320568
"3388",0
"3389",2.02379448501717
"3390",0
"3391",4.8738663359658
"3392",1.16905819327231
"3393",4.20656817788359
"3394",5.414106066742
"3395",4.35072336068478
"3396",7.13125844794095
"3397",0
"3398",6.16730188242806
"3399",8.03069892041664
"3400",0
"3401",9.81933274620519
"3402",0.576203589145648
"3403",7.62581767523628
"3404",8.84753452276613
"3405",6.13462393125134
"3406",6.44399563150201
"3407",0
"3408",4.51046310382125
"3409",0
"3410",2.43242446520985
"3411",3.64359065494187
"3412",0
"3413",1.68755206789413
"3414",5.04158819770244
"3415",5.19364650691725
"3416",2.64530440208236
"3417",0
"3418",6.87042022161179
"3419",0
"3420",1.69213000439035
"3421",0
"3422",4.62230107437494
"3423",0
"3424",5.65368036301388
"3425",6.06121758326173
"3426",4.06471560833966
"3427",0
"3428",0
"3429",2.3136527136146
"3430",8.66908660122096
"3431",4.64378827635399
"3432",5.9750701907735
"3433",5.19358550267704
"3434",14.9375458917098
"3435",14.4339049006429
"3436",7.05332493216002
"3437",4.33240071788803
"3438",13.698819743999
"3439",13.0506441258333
"3440",0
"3441",6.70461497368113
"3442",3.83678045691982
"3443",14.7965408778631
"3444",0
"3445",0
"3446",1.72571210514001
"3447",7.21472845323274
"3448",-1.94380232491443
"3449",5.49118394914989
"3450",6.91010866490047
"3451",3.85321199542259
"3452",0
"3453",0
"3454",0
"3455",0
"3456",4.67327594210643
"3457",5.27005438746067
"3458",0
"3459",4.22125007813837
"3460",9.10307509905732
"3461",0
"3462",0
"3463",4.98704901355973
"3464",5.90867621908084
"3465",0
"3466",4.10422989498946
"3467",4.05312790702866
"3468",4.58001751323862
"3469",3.1632532007535
"3470",5.87727396609594
"3471",6.62126321740341
"3472",5.94154619597504
"3473",5.83158193873324
"3474",-0.439419637251278
"3475",0
"3476",3.78047359342093
"3477",0
"3478",7.41555637801375
"3479",0
"3480",0
"3481",3.90741973517596
"3482",3.56630196712818
"3483",7.47691592877243
"3484",0
"3485",0
"3486",4.15447625892369
"3487",0
"3488",16.2196009931511
"3489",0
"3490",8.59169454238721
"3491",3.54225991346612
"3492",5.59350142296175
"3493",4.84834754834813
"3494",7.09495551812261
"3495",8.19601419581296
"3496",3.56754699160637
"3497",4.66225305760067
"3498",4.0392326573409
"3499",4.50632454232053
"3500",6.20341935302704
"3501",0
"3502",7.68991953467347
"3503",0
"3504",3.95826383207164
"3505",2.86371000142905
"3506",14.7631823531648
"3507",7.86548300048031
"3508",21.397727340926
"3509",5.21335156850629
"3510",2.77245781718604
"3511",5.93445978191682
"3512",0
"3513",5.07948180719626
"3514",0
"3515",0
"3516",4.38285265537869
"3517",17.6035046000381
"3518",4.43341568193635
"3519",7.3033220056585
"3520",0
"3521",5.97208357805584
"3522",5.66411459397834
"3523",0
"3524",5.51729652822235
"3525",10.0365405984049
"3526",0
"3527",0
"3528",5.68723432230081
"3529",0
"3530",5.47254812745963
"3531",4.67747572773627
"3532",9.30541222072532
"3533",5.50062434829113
"3534",9.99161531306382
"3535",0
"3536",0
"3537",3.31252754928577
"3538",0
"3539",0
"3540",0
"3541",6.1473896852658
"3542",4.86875191284842
"3543",0
"3544",0
"3545",11.0770580248719
"3546",0
"3547",4.48871817342795
"3548",2.60574948819141
"3549",8.28633617976475
"3550",0
"3551",6.11261942041313
"3552",1.57604030324965
"3553",8.53744039158948
"3554",5.33166578532059
"3555",3.53591066748347
"3556",0
"3557",5.29524561383325
"3558",0
"3559",0
"3560",3.58730475522445
"3561",6.62286225172233
"3562",1.21763950889275
"3563",0
"3564",0
"3565",10.1057941934428
"3566",0
"3567",5.22653363492143
"3568",4.86972162005982
"3569",7.51021802780827
"3570",0
"3571",0
"3572",0
"3573",7.7049197894733
"3574",0.153090270679957
"3575",3.94211623999837
"3576",0
"3577",5.26155002629475
"3578",0
"3579",0
"3580",4.2498862511729
"3581",0
"3582",3.41971547757193
"3583",5.09145690088982
"3584",2.16377451784066
"3585",7.02691287952298
"3586",5.85479589487694
"3587",7.07296328025381
"3588",5.785564494217
"3589",0
"3590",5.93390784511497
"3591",6.37321933491518
"3592",4.45053095595176
"3593",0
"3594",5.23520008638928
"3595",0
"3596",0
"3597",15.4711592840661
"3598",4.05654029124772
"3599",0
"3600",2.30960200802309
"3601",0
"3602",11.634392596103
"3603",0
"3604",5.76706933310496
"3605",8.58957398995884
"3606",4.95594994630824
"3607",2.07596877122825
"3608",0
"3609",0
"3610",5.02401469774763
"3611",6.1733454604098
"3612",3.50297014990374
"3613",4.12636129529832
"3614",0
"3615",0
"3616",4.40205151169499
"3617",5.25888575658619
"3618",10.8772037698167
"3619",3.91317644353314
"3620",0
"3621",0
"3622",0
"3623",12.144856697482
"3624",0
"3625",2.73943041329858
"3626",19.1136264433579
"3627",2.05870451717667
"3628",6.35655610257846
"3629",14.4832777297802
"3630",0
"3631",2.54517206212455
"3632",12.3261620813085
"3633",3.9697304005176
"3634",3.30773973110986
"3635",5.95240877780092
"3636",3.40976718406496
"3637",3.55337116014042
"3638",10.2645675131498
"3639",5.39983195757983
"3640",7.82357676878117
"3641",0
"3642",7.11163608554
"3643",7.07307672238296
"3644",0
"3645",0.7691922861585
"3646",13.0148904037741
"3647",3.48097493266996
"3648",3.01802662688146
"3649",10.0768516757565
"3650",5.70036939099695
"3651",0
"3652",0
"3653",5.25405799698725
"3654",4.47258010042755
"3655",5.92294387941632
"3656",-0.217866530392499
"3657",0
"3658",0
"3659",14.4036814319562
"3660",0
"3661",8.37444576958926
"3662",6.25765334327824
"3663",0
"3664",0
"3665",3.81563572440109
"3666",0
"3667",0
"3668",8.85063478767618
"3669",10.9639368660444
"3670",0
"3671",1.15320001784391
"3672",0
"3673",0
"3674",13.2376314663674
"3675",4.67809342896471
"3676",0
"3677",7.47110663906204
"3678",0
"3679",3.33545853322781
"3680",6.89333756057755
"3681",3.6015344607085
"3682",0
"3683",0
"3684",4.51128988396428
"3685",1.14000548725384
"3686",7.87072348357329
"3687",0
"3688",7.92886675707252
"3689",0
"3690",8.07430940487202
"3691",0
"3692",4.39846358372726
"3693",6.66951451711266
"3694",8.40553619828433
"3695",6.99709179259873
"3696",0
"3697",0
"3698",0
"3699",0.707291435149774
"3700",0
"3701",6.28821694818901
"3702",3.38112893235476
"3703",0
"3704",3.57309666258371
"3705",4.27563731736365
"3706",5.0437478304102
"3707",3.05662350666525
"3708",0
"3709",4.73632107318393
"3710",5.50810185703412
"3711",7.66629306209582
"3712",0
"3713",6.04884471301413
"3714",0
"3715",0
"3716",7.892845448472
"3717",0
"3718",3.15959216101598
"3719",13.0275887379836
"3720",0
"3721",0
"3722",0
"3723",4.64136872869324
"3724",0
"3725",7.83860068073834
"3726",6.14644843197922
"3727",4.41197532857585
"3728",7.8803439775455
"3729",10.7103224268922
"3730",10.7734672143902
"3731",6.58746573480235
"3732",3.67643036983808
"3733",0
"3734",0
"3735",14.9911753389279
"3736",0
"3737",0
"3738",5.22309919334964
"3739",0.958148128675968
"3740",0
"3741",0
"3742",0
"3743",4.50995917863573
"3744",0
"3745",5.63530132196799
"3746",1.00780513775437
"3747",6.9970314730532
"3748",0.706273286252023
"3749",7.57480916001108
"3750",7.26878463060326
"3751",9.06087012466205
"3752",5.28085136979027
"3753",3.21614711561835
"3754",0
"3755",0
"3756",10.2351049535319
"3757",5.48245100583938
"3758",0
"3759",0
"3760",7.36365813347681
"3761",4.08193625956898
"3762",10.7900221749683
"3763",5.6587552454611
"3764",7.35305698720705
"3765",0
"3766",0
"3767",4.51960244024777
"3768",0
"3769",5.3794868669194
"3770",10.5308658653823
"3771",0
"3772",2.68503325595602
"3773",3.92167586125096
"3774",14.112360847073
"3775",0
"3776",0.397107020870214
"3777",3.92658564843058
"3778",0
"3779",4.68744468106652
"3780",11.4547226461038
"3781",5.58619039439353
"3782",0
"3783",4.07369773547565
"3784",5.70435261818325
"3785",4.54913343625518
"3786",5.37990789905574
"3787",13.8982399719146
"3788",5.25132240047321
"3789",12.5213422309506
"3790",7.6365509745815
"3791",5.84113842294786
"3792",4.14724052420908
"3793",0
"3794",4.56218712237184
"3795",4.95774582723076
"3796",0
"3797",5.31864166903879
"3798",8.48996059954044
"3799",5.18575183496875
"3800",4.40875453242783
"3801",0
"3802",11.117474299378
"3803",6.49002372981667
"3804",0
"3805",2.48591083684447
"3806",0
"3807",0
"3808",13.1885328208673
"3809",1.59405280748729
"3810",13.8560208939028
"3811",1.47099930483624
"3812",0
"3813",5.58243107056229
"3814",0
"3815",0
"3816",4.93134678325232
"3817",5.4887670116575
"3818",4.24412616571605
"3819",2.66697315629471
"3820",4.56565737281555
"3821",5.85074875255534
"3822",2.34994143424308
"3823",5.97785387980331
"3824",0
"3825",5.8521570346909
"3826",0.756701737506781
"3827",9.0047345844872
"3828",1.91444192504949
"3829",0
"3830",0
"3831",0
"3832",5.40452297933965
"3833",0
"3834",0
"3835",0
"3836",1.56963863828316
"3837",3.4741602467296
"3838",5.58231034866311
"3839",7.70476269361176
"3840",5.96376020043811
"3841",0
"3842",4.16195914473724
"3843",0
"3844",0
"3845",0
"3846",0
"3847",16.8676207870105
"3848",0
"3849",11.2106151134646
"3850",5.2207250257803
"3851",4.60371096142544
"3852",4.00381079629249
"3853",11.4146449344598
"3854",3.33452521934054
"3855",7.61325253443371
"3856",5.22683625949897
"3857",0.802409385995929
"3858",0
"3859",0
"3860",1.60156528003336
"3861",1.88273721872051
"3862",0
"3863",1.48551515845684
"3864",2.32282300271494
"3865",3.96848393926042
"3866",1.51212800342182
"3867",8.07430008618619
"3868",0
"3869",7.99156725577691
"3870",2.7156923925219
"3871",3.5263220869884
"3872",0
"3873",11.3806507055157
"3874",16.4322935255562
"3875",0
"3876",4.23266533344284
"3877",9.20078944482191
"3878",2.50198891571898
"3879",8.74623380334461
"3880",8.13726913238748
"3881",6.01910826066752
"3882",5.16317260848666
"3883",9.6616669140679
"3884",0
"3885",12.6211584950015
"3886",0
"3887",6.0806527559536
"3888",11.3100935023901
"3889",4.11341485785098
"3890",0
"3891",0
"3892",2.58385420018542
"3893",1.25514620908012
"3894",2.6333919286094
"3895",8.51788436044004
"3896",13.5472823797095
"3897",0
"3898",8.19201996629892
"3899",0
"3900",6.16851921948313
"3901",4.07546487062511
"3902",5.99066698654675
"3903",8.12661234979193
"3904",13.8744458827373
"3905",7.78854407735953
"3906",12.595694689256
"3907",14.151639902314
"3908",11.7457904278811
"3909",5.0515934485974
"3910",5.92195662349503
"3911",0
"3912",4.95286958983313
"3913",4.17850123313401
"3914",0
"3915",3.9189079605
"3916",0
"3917",0
"3918",3.10031936951571
"3919",5.47129359364219
"3920",0
"3921",5.370551749731
"3922",4.33156130843577
"3923",7.07437754113302
"3924",5.3261704558539
"3925",0
"3926",7.07436292472166
"3927",1.01935010790451
"3928",0
"3929",8.47144194653917
"3930",0
"3931",0
"3932",5.37462540073388
"3933",6.3243711906313
"3934",5.00733259831194
"3935",0
"3936",16.0223249173846
"3937",0
"3938",8.44535781410869
"3939",15.7102682775038
"3940",11.1750818837814
"3941",12.1692065904962
"3942",0
"3943",0
"3944",3.25604118041549
"3945",4.41427793241142
"3946",2.37751500466402
"3947",5.3249890129189
"3948",3.97155334198608
"3949",9.82119496492377
"3950",8.10589034497286
"3951",4.61495174727598
"3952",18.1559984661546
"3953",4.91027562488742
"3954",0
"3955",0.826226369781201
"3956",12.0457562439413
"3957",8.21970841264352
"3958",0
"3959",8.3406285080099
"3960",9.64778849414069
"3961",2.75458260114119
"3962",9.29939463053474
"3963",7.37209376206069
"3964",0
"3965",0
"3966",5.18470598034963
"3967",9.68210475424002
"3968",13.3598406021957
"3969",13.6459356886048
"3970",5.06874235387556
"3971",0
"3972",0
"3973",2.64667123919074
"3974",5.99937297595669
"3975",0
"3976",6.49174555702016
"3977",0
"3978",3.72258475795065
"3979",0
"3980",4.50089405507933
"3981",3.81796931713717
"3982",2.36639899093047
"3983",0
"3984",15.8244151150225
"3985",7.07299220136422
"3986",10.9379915979255
"3987",8.1790696441609
"3988",0
"3989",5.24994313148277
"3990",3.60584339501419
"3991",1.62865096122377
"3992",0
"3993",7.31039383929796
"3994",0
"3995",4.2043278674968
"3996",0
"3997",0
"3998",3.64985616368962
"3999",8.71650464327624
"4000",0
"4001",6.66478927745255
"4002",5.35965357673421
"4003",6.9320282380546
"4004",3.17577682525749
"4005",4.20685553957067
"4006",6.67730950485471
"4007",5.34477466243814
"4008",7.50001113454273
"4009",2.7769279424309
"4010",0
"4011",0
"4012",0
"4013",3.41329540156866
"4014",7.61611572385493
"4015",0
"4016",11.8762320496471
"4017",3.967019989216
"4018",3.9940455626689
"4019",6.70341605204025
"4020",14.0456535668101
"4021",4.44203193234108
"4022",0
"4023",0
"4024",3.28338012384579
"4025",4.13707342789166
"4026",6.51360643681949
"4027",5.07410307476596
"4028",0
"4029",4.14140167805931
"4030",0
"4031",0
"4032",11.0869306616912
"4033",0
"4034",1.95383032390561
"4035",3.13572029001286
"4036",0
"4037",10.9856465254783
"4038",6.03916994076635
"4039",0
"4040",0
"4041",0
"4042",0
"4043",0
"4044",8.37379954806306
"4045",6.72698123674122
"4046",7.64793621357249
"4047",3.38685919449532
"4048",0
"4049",7.48328598613898
"4050",0
